Date,AGG,EEM,EFA,GLD,IWM,MDY,PCRIX,SPY,TLT,VNQ,VWEHX
2008-01-31,0.3742598036384725,0.03214574651213781,0.05775769761479075,0.045122190441280255,0.04677982573971588,0.05674627622110709,0.044374240198239,0.07104447548173883,0.09691585280652462,0.04081746324311437,0.1340364281028789
2008-02-29,0.3605596062112143,0.03404418768296657,0.059965442911004495,0.04648535403700635,0.047814653915098725,0.059155921829797266,0.04270530121516387,0.07221095668153353,0.09961727255153663,0.04180847323722994,0.13563282972744845
2008-03-31,0.36785136336073826,0.034331115257704124,0.05978819753153231,0.04413122313167961,0.047359854125765086,0.0581013564998616,0.040449658004024405,0.0713821518301441,0.09723622945408703,0.04052080417107878,0.1388480466333846
2008-04-30,0.3686884265919049,0.03476397880006644,0.06016322699309993,0.044959676739771894,0.04952008707509623,0.05680201914267752,0.04254155623904938,0.07091871284966453,0.1028431398440456,0.041301417734422724,0.12749775799020086
2008-05-31,0.3636598695946709,0.034773568536703124,0.06052825120655157,0.04612724853602697,0.0499634982784466,0.05646558376358858,0.04258782227625022,0.07137786613873971,0.10402711161450762,0.04148500032020043,0.12900417973431447
2008-06-30,0.3783099998320549,0.03404352687749854,0.056023625327168945,0.047344225073489045,0.04934488283008495,0.05486400769304461,0.04218884766868987,0.06546230461157879,0.10615664080929414,0.04019434401570946,0.12606759526138675
2008-07-31,0.3802572780548674,0.03359950791457133,0.05497731420438096,0.046757472589065756,0.050426317935706226,0.055601109396166026,0.03794422722543632,0.06638934937321633,0.10819468895573708,0.040868205135889984,0.1249845292149626
2008-08-31,0.38363496175725004,0.03287193796604647,0.05404399511587785,0.04311681571134199,0.05036860688413236,0.05575378470182788,0.03799291227129579,0.06652749643234551,0.1093230739079146,0.041335213363474094,0.1250312018884934
2008-09-30,0.3593774131414261,0.03447470588732608,0.05422640792049824,0.04905914184466535,0.05332143208946034,0.0556987407546084,0.03752312192979405,0.06613858686293818,0.12638456627150116,0.04604291736034208,0.11775296593744003
2008-10-31,0.37189303094518583,0.035988279018100165,0.052180542641532955,0.05136728158004161,0.051610691127026424,0.05232548084442425,0.036901817913369106,0.06457051420560565,0.15461839385141535,0.039278666751646776,0.08926530112165179
2008-11-30,0.37762507762026337,0.03955281085243661,0.05737539722538355,0.05520552904937168,0.05515912691993778,0.05713216003137679,0.04023088974954916,0.07092476565066505,0.11251878261540355,0.03923275953335977,0.09504270075225273
2008-12-31,0.30384075900551016,0.04603427710897923,0.06633126005881977,0.0645328911619241,0.0643408475314287,0.06674261519618599,0.0475420713900616,0.0834515306176463,0.10943375401064385,0.043739941001076386,0.10401005291772376
2009-01-31,0.30466765686290276,0.04909493804834905,0.06559841114692214,0.06822597675989645,0.06714985292150023,0.06941176785240005,0.04920553741354775,0.08433278725053935,0.0952750537097872,0.04377728285124908,0.10326073518290599
2009-02-28,0.30699889738391456,0.04965595600334208,0.0647240862971844,0.06941818189477275,0.06557571452055211,0.0687311933946738,0.0500125285480376,0.0816044314083985,0.0965336007482413,0.042151799795170794,0.10459361000571213
2009-03-31,0.3111399987492512,0.04731107476389244,0.06402786563971685,0.06958851224839532,0.06533993094653005,0.06751371374584393,0.049574673546685,0.07902467161906317,0.09870906853866587,0.04263735285500558,0.10513313734695058
2009-04-30,0.3212621660871455,0.04703590111226467,0.06328624049445371,0.07551842851297084,0.061387681030101345,0.06370247538089359,0.05184319704785746,0.07673671469068477,0.09911472679767701,0.03823836634050068,0.10187410250545047
2009-05-31,0.3257865731336901,0.046708782336607926,0.060646986521320854,0.07392571547332864,0.06233714047432042,0.064615550466147,0.049823809061537806,0.07640560932830337,0.09928269571296679,0.03877858810682298,0.10168854938495406
2009-06-30,0.32577113323553825,0.04670870279404583,0.06070478881585534,0.07394443673976757,0.06222313166320928,0.06458717712465892,0.049872406754907395,0.0764643918256835,0.09936915441528743,0.038968456218773366,0.10138622041227303
2009-07-31,0.3282213619380501,0.04647421078570966,0.05961638901830241,0.07492643671281916,0.06139708887986369,0.06397055274368293,0.05044037401560494,0.07522565782375806,0.10075439239768727,0.03892140094088056,0.10005213474364112
2009-08-31,0.32870220726567717,0.04651820019348183,0.05944466167459675,0.07528288611564572,0.0614614848704593,0.06368776761285748,0.05055753714592941,0.07496122657211517,0.10104119258856906,0.03807275931483749,0.10027007664583067
2009-09-30,0.328770853157222,0.046099347072725484,0.05945122557360876,0.07613929947799283,0.061138538713913775,0.0633343099364827,0.05108494344230115,0.07505520328557007,0.10130917781726553,0.03805108418408742,0.09956601733883036
2009-10-31,0.32891429406391076,0.04625229766192157,0.059631534905050326,0.07599158130682976,0.06120146203050297,0.06332884200871498,0.05101025759612954,0.07541389294519373,0.1006095975887052,0.038181875885453125,0.09946436400758793
2009-11-30,0.33027309760037427,0.046284502616971014,0.059785323784049965,0.07354985561963231,0.06137870941418411,0.06345200384538645,0.051306199501562934,0.07466365056689851,0.10115580461125058,0.03824391894480286,0.099906933494887
2009-12-31,0.3316368719131409,0.04673017607137383,0.06041469141234656,0.07280115285761918,0.06028085939134841,0.0628480394158189,0.05218818106480941,0.07496205187195518,0.10031500560309749,0.038176602575057256,0.09964636782343296
2010-01-31,0.3321420985738793,0.04623845217187938,0.06017177909299405,0.07266957596547134,0.06024435537173833,0.06299544127821093,0.05188550067800584,0.07482776893391192,0.10045043830161032,0.038509884503458054,0.09986470512884067
2010-02-28,0.33312726028427114,0.04635605920895477,0.06014615079341439,0.07255729438244503,0.05984215286254984,0.06247411900660388,0.05194917564935259,0.07451552894257489,0.10080167781011867,0.038356371403351935,0.09987420965636291
2010-03-31,0.33538740754035157,0.04628028846834836,0.05974876059336403,0.07306958150183167,0.058901879075166474,0.06175068143734704,0.05222361884480544,0.07348429366297181,0.10140033367037163,0.038045925579646755,0.0997072296257951
2010-04-30,0.3351748144509651,0.046445433447897144,0.06007678391010705,0.07272032776559592,0.05858654377926707,0.06171802340105472,0.05223667425723954,0.0741630090644549,0.10101538226149187,0.03792271244889197,0.0999402952130346
2010-05-31,0.3374854185870233,0.046212228120770575,0.058985041786375425,0.07339366532107489,0.05852536923377354,0.061811670715615386,0.05191861193225085,0.07355533894772852,0.10054003790853752,0.0380298191511168,0.09954279829573327
2010-06-30,0.3376865858927307,0.04642654424444019,0.059160576866328064,0.07403301816231374,0.057947955147528665,0.061380472116757456,0.052114658784092785,0.07320431226644845,0.09947382559732111,0.03835201313439223,0.10022003778764671
2010-07-31,0.3393876429094202,0.04590070262066959,0.05741735118914858,0.07311306686523,0.05832832974893071,0.06136936884391519,0.051945826641966904,0.07240042379490938,0.10001744739993677,0.03854002800023069,0.10157981198564198
2010-08-31,0.34030106821196277,0.04612668430400728,0.057686368343508626,0.07325538393714197,0.05805756840565329,0.061412133232401786,0.05245243142782466,0.07250857398235824,0.09699400852595662,0.038920518885283355,0.1022852607439014
2010-09-30,0.34230596117907997,0.04630266142151497,0.05695446511416672,0.0753781749468508,0.05635345406830201,0.05987199634411382,0.05292248860249686,0.07101811385560271,0.09700309994958059,0.03912913063095035,0.10276045388734098
2010-10-31,0.34278063483239873,0.0472181493501974,0.057044810426111,0.07611688176213632,0.056286469173205116,0.05985207541909073,0.052706446980313924,0.0707114030029201,0.09552466063034751,0.03909935764667483,0.1026591107766044
2010-11-30,0.3404961682688712,0.04760875627376534,0.0568958436008258,0.07650955681178546,0.0567634964646009,0.06010029570564211,0.052461227277020565,0.07103610552137657,0.09535303219379049,0.039456611819470425,0.10331890606285127
2010-12-31,0.3423581827129395,0.04743752371012823,0.056153076764524676,0.07760078929585108,0.056195468978153446,0.059735749720954405,0.051875827626587115,0.07003709336295448,0.09520839039172482,0.03971852904661475,0.10367936838956758
2011-01-31,0.34007377569863056,0.047992582766647515,0.056918181878510415,0.07720091690394294,0.05687829462297945,0.06046404401973384,0.05200555188466858,0.07105054791106086,0.09406077839937048,0.03955498351227094,0.10380034240218451
2011-02-28,0.34317171810918967,0.04766959602109099,0.05639079109757028,0.07613586055202706,0.056423012558155954,0.05991550891106934,0.053197281520461485,0.07058753835597034,0.09342207978393574,0.0393251725685725,0.10376144052195667
2011-03-31,0.34237850905866196,0.04744019706186456,0.05619267561280204,0.07762252434529043,0.056272744393593484,0.05983554251449272,0.053538039439706926,0.07045339732372505,0.09334970203466829,0.03932553072929913,0.1035911374858952
2011-04-30,0.3426600186427434,0.04785862209599287,0.056105476793053825,0.07636853602298514,0.05623486980271612,0.06049289141991518,0.053114932353106895,0.070737098481078,0.09290394516253986,0.03922223704822707,0.10430137217764174
2011-05-31,0.3440903180882028,0.047743699531806405,0.05596689557556418,0.07578223336433428,0.05626917471861109,0.06076510428496383,0.052815231950807784,0.07062635621920044,0.09270236317832868,0.03914770970095329,0.10409091338722708
2011-06-30,0.3418717491992645,0.048131371032202545,0.056524944931226034,0.0750302107826368,0.056629517083352995,0.06116354360068355,0.05314483587702462,0.0719759190669079,0.0918349904345896,0.03936395573688215,0.10432896225522925
2011-07-31,0.340546497520855,0.04851580277925175,0.05669309366579638,0.07421226633460272,0.056543861559217916,0.06105907147243656,0.05476677552390396,0.07196174478254087,0.09135991343803197,0.039437986055708585,0.10490298686765434
2011-08-31,0.34234635270110786,0.04855141755275517,0.056427824211698646,0.07600657297503839,0.0559764424319257,0.0605817625610067,0.05593630072996213,0.0716832756648112,0.08849718281638724,0.03960272963257013,0.10439013872273692
2011-09-30,0.3574110196983059,0.047237955888678934,0.056031630813378884,0.0705530323857803,0.054593879891210194,0.060109575739608005,0.05601187517155853,0.07209957522982115,0.08049865147154031,0.03854305598600766,0.10690974772411012
2011-10-31,0.3503179930435597,0.0456622062896036,0.05450921062750808,0.07154378270081208,0.05145040782810403,0.05907968317053175,0.06330533743628211,0.06911355612718473,0.0707905341468064,0.038094693654548234,0.1261325949750592
2011-11-30,0.3417061969457262,0.04484089932115947,0.052894197395304314,0.07128981085941805,0.05167956999292635,0.05913636847289772,0.06407123714175554,0.06836194517208233,0.07304809588203005,0.03984351038611244,0.13312816843058764
2011-12-31,0.44778827997680754,0.037098974758160846,0.04408163723332329,0.055000561051844817,0.04264304649110815,0.04869543511426856,0.052257904445771663,0.05638783769540575,0.06519265119272413,0.03379973452008736,0.11705393752049797
2012-01-31,0.48142865780503935,0.033803329720764046,0.04225531730161909,0.048129139805554784,0.03957108069286466,0.04475009307180808,0.04731826710662314,0.052946172922710866,0.06702794593216804,0.03267408383683679,0.11009591180401113
2012-02-29,0.4944072213327454,0.03214398973395169,0.04135735180235207,0.0448084462259212,0.039382110799411146,0.04406617825913498,0.04555432828571609,0.05382106774927278,0.06267618131576945,0.03440380057349079,0.10737932392223432
2012-03-31,0.4853334118895656,0.0337854882202371,0.04243990279073103,0.045732866616248466,0.0401852414505201,0.045139101736578965,0.046190871204585524,0.055511702473413575,0.0627606030798003,0.0348165311143669,0.10810427942395247
2012-04-30,0.4689005016386257,0.03398189804905744,0.04235693145923954,0.044300612889819804,0.041044847597741595,0.04667388636228498,0.04438748211326963,0.05573698502389133,0.06220931536344868,0.042671465108498285,0.117736074394123
2012-05-31,0.4646423779859677,0.035008814093916416,0.042971930526628475,0.044900961993989505,0.040515622100344796,0.04575506713433791,0.04734820867527247,0.05499344931843693,0.06072273856858339,0.042292411786741396,0.12084841781578101
2012-06-30,0.46483163956044066,0.034952352765165645,0.042325662066915126,0.045768161863709286,0.04037826293345022,0.04582170209382698,0.047234629622572556,0.05479384274479307,0.06049538651084874,0.04264061118409239,0.12075774865418526
2012-07-31,0.4577449299563776,0.03542973488093383,0.04323967436748297,0.045142129465963965,0.040540102094906515,0.04609918063136411,0.0460530748689051,0.055388365859226935,0.05942528107842284,0.0432058157726417,0.12773171102377429
2012-08-31,0.45668941218022635,0.035352504468835345,0.04321379620645862,0.044833639137715806,0.04035176754985888,0.04599811769392905,0.04588192547586791,0.05532202360220656,0.05896155647007331,0.045712440352867464,0.1276828168619608
2012-09-30,0.4576048219724722,0.03558324949422942,0.04277760697542385,0.044418617628734745,0.04005130028387404,0.0458191107982649,0.045385224335715395,0.054760416068271686,0.05777066304473747,0.04534312213945525,0.13048586725882094
2012-10-31,0.4571408276230459,0.03559515446414605,0.04272921174627937,0.04394794464413178,0.04064237212685851,0.04630142713451324,0.04506453912981452,0.05462605317065975,0.05807533928986743,0.04587711569067398,0.13000001498000938
2012-11-30,0.4547392635552631,0.035878956466776885,0.042583070815850325,0.04606466492504306,0.040479115930760666,0.04618547224192472,0.04522770070340895,0.055099692595389355,0.05784551933829094,0.0459683620031264,0.12992818142416568
2012-12-31,0.45940958788095027,0.034728613338595456,0.041276588915224934,0.04576045402892601,0.040337753109664254,0.0458362998038035,0.04386711854283389,0.05388892380352475,0.05754045622929651,0.04581985517724165,0.13153434916993875
2013-01-31,0.44849670465880875,0.03605957531729864,0.042336307126577474,0.046535558057159275,0.04095514278366494,0.04624581207165798,0.04541908423266866,0.05503843218274563,0.05750891718023848,0.04782282367120339,0.13358164271797696
2013-02-28,0.44930395557515945,0.03591957345244012,0.042208562915541835,0.04565268438924599,0.041043188562129115,0.046471263439431386,0.045005794893488396,0.05509716867513233,0.05752373275623586,0.048121348496938714,0.13365272684425683
2013-03-31,0.44447028475927103,0.03633011295176515,0.04255791958512506,0.04530836344531991,0.04142922433991107,0.046743226224293076,0.04467061746640976,0.055535906995257525,0.05728977469337311,0.049996994676869896,0.1356675748624044
2013-04-30,0.4434512627228496,0.03648762092036883,0.04263514973167479,0.04444876851090935,0.04190532763636889,0.04712883548765232,0.0448244447821422,0.05575273074943664,0.05716170472464584,0.0502989870853958,0.13590516764855587
2013-05-31,0.3974228363292257,0.03889101632074522,0.04726962467505275,0.04537478272405989,0.04488424528861969,0.050954758650164675,0.047645489424433245,0.06207009947124452,0.057591198443147064,0.05229149032079506,0.15560445835251194
2013-06-30,0.3887307945796515,0.0394807165969095,0.04840997440124647,0.044120401124788794,0.04788829639648894,0.05407429531365901,0.04704986365565348,0.06605120348071254,0.059282903318555395,0.054906842291293625,0.15000470884104095
2013-07-31,0.38549171598371024,0.04046059767417846,0.05012408685487303,0.04330812350165218,0.04714779972602944,0.053431877014084236,0.04746392919109776,0.06606287258805306,0.05840790163206207,0.05656978756579005,0.15153130826846936
2013-08-31,0.38359247347108877,0.040467725441552284,0.05048380783239365,0.04319402848343027,0.0486142214658497,0.053947456685373284,0.047391110346471636,0.06725031904448035,0.06083151826666169,0.05438872780358218,0.1498386111591161
2013-09-30,0.3755513211631279,0.041210025997287576,0.050855748801693884,0.04242727146569267,0.05044918400966261,0.05614742816924008,0.04831027771160112,0.07010237223862514,0.060435580656376574,0.053876439864602006,0.15063434992209046
2013-10-31,0.3735027906138922,0.04113184328656307,0.05098782332642909,0.04267224710819689,0.0506677732264262,0.056168643018902786,0.04949193492743243,0.0698022494191781,0.06180338405496404,0.0539713243612182,0.149799986656797
2013-11-30,0.37418684790566725,0.041069619032015725,0.051619287287655934,0.042083684651937014,0.050452287277128964,0.05607907268642098,0.049275775083046806,0.06941606778856864,0.06116372878511603,0.052607970078131124,0.15204565942431159
2013-12-31,0.36895060869902385,0.04148302282082136,0.05291234593665063,0.041540606463931214,0.051288877171658705,0.05648440863747668,0.051874665245697775,0.0709934737891374,0.0608502539235559,0.052488674548699876,0.15113306276334654
2014-01-31,0.3652078522802581,0.04103471103971791,0.052414551115249446,0.04258064041658973,0.05148812528082946,0.056670331695936424,0.052535469733983,0.0700006908788095,0.0609615893475043,0.05300132308847103,0.15410471512265103
2014-02-28,0.3666987759614671,0.040925003965435906,0.05186544518893584,0.04265973398032343,0.05184460415790977,0.056760181665954354,0.05158400577940975,0.06975618007194886,0.061145611655762586,0.053075184999733106,0.15368527257311929
2014-03-31,0.36672241441377823,0.041233795681348696,0.05198859135903673,0.04250551530775202,0.0517276455466056,0.05674548083611856,0.051866739377341486,0.06968270443313844,0.06103404053172634,0.05314593304290944,0.15334713947024425
2014-04-30,0.3678422478685232,0.04110281588922604,0.052314044155746274,0.04361168536710349,0.050761760527665026,0.05621073870440991,0.05206971678019721,0.06940541517332904,0.060712313752944405,0.05331468583351234,0.1526545759473432
2014-05-31,0.3639725428244927,0.04124470397265447,0.05278312483751935,0.043655215773701204,0.05121343016607328,0.05658623620396991,0.052938660683767035,0.07008755808963829,0.06089299100694068,0.05338765793765832,0.15323787850358486
2014-06-30,0.3648063112818752,0.040891986221375104,0.0525389760814202,0.04263646861015694,0.05071694776737127,0.0563665687186555,0.053147872669040266,0.07021125946015011,0.060902528918838635,0.05363276596812606,0.1541483143029907
2014-07-31,0.3709069730046194,0.04056110367232413,0.05220011625716452,0.04336528551275302,0.04959924665642532,0.05578609688922208,0.052455330938478026,0.07028818765776601,0.060910305127846176,0.05316961969578389,0.15075773458761718
2014-08-31,0.3561225420563,0.04044979609105638,0.05368221522113077,0.044779901374756424,0.050745597797853266,0.05647124560787487,0.05037541653764946,0.07174490541023748,0.061586771657440816,0.052778592240385364,0.16126301600531515
2014-09-30,0.34047967569678933,0.04339979158550692,0.055646503215659275,0.044135556891602416,0.05168029369357578,0.05872262459203651,0.054646029032742995,0.0742429382968213,0.0705614830548895,0.053546969043164666,0.15293813489721123
2014-10-31,0.3153770758285319,0.046860391292511884,0.055247319346963225,0.04198035988034373,0.05506991501075405,0.06382111128668087,0.054434706910018886,0.08024633163292658,0.0669936203796598,0.0543121045988568,0.1656570638327522
2014-11-30,0.31282856511906965,0.04633796016879422,0.05503784047178403,0.041656728303536096,0.0544706713694963,0.06328506271222588,0.05394880676763015,0.07970038047936383,0.06588186729956635,0.054993995133660545,0.17185812217487298
2014-12-31,0.3185731795738463,0.046060648525122254,0.053872888163235225,0.04359787213649197,0.053817790028442565,0.06303996179737459,0.047206783636869,0.07853073621838097,0.06503090548437541,0.054969861361238596,0.17529937307462298
2015-01-31,0.30570267273265433,0.0504695012884919,0.05514041876454356,0.045785405413821305,0.05431048905939278,0.06470785075563415,0.04852013650141215,0.07646564900426245,0.059430558899583014,0.055263017586637105,0.18420429999356722
2015-02-28,0.305822302844474,0.05143892745024138,0.05491609787382484,0.045871472259720374,0.053830010389937274,0.06508013988634011,0.04909647727778613,0.07576846745966719,0.05822452752638066,0.05519277590303441,0.18475880112859366
2015-03-31,0.3087807566588194,0.05157981551761863,0.054472880121533306,0.0457040822081909,0.05380548855293842,0.06498866092009792,0.04835258924821216,0.07478494748884976,0.059565013673070634,0.05603325029771259,0.18193251531295637
2015-04-30,0.3096459554949872,0.050258045285326854,0.054997681594473526,0.0460260591372027,0.05395248396875101,0.06507569558609554,0.04702804250174468,0.0760041798345469,0.059958094287176265,0.054007361326040476,0.18304640098365477
2015-05-31,0.29742499473174583,0.05234572438966383,0.06199490524654775,0.044657889127088096,0.05464951199293829,0.06785859569635815,0.04644909127027098,0.08102850288266174,0.062039671259506,0.05278395675847986,0.1787671566447395
2015-06-30,0.28906597322618083,0.05362222429421287,0.06449143252523172,0.04549796016299275,0.056079366485534916,0.06787586499235675,0.04788711453037211,0.08126497644847246,0.06156179074582411,0.05300713222491752,0.17964616436390393
2015-07-31,0.29323751373588824,0.05129949913220459,0.06434528294695685,0.04436395333441167,0.056108370858553774,0.06776267278068279,0.0466332028153113,0.08094736711366489,0.0608504977742969,0.05173328891599557,0.18271835059203342
2015-08-31,0.30102759962835673,0.0494836895303192,0.06100950288257828,0.04595190279143921,0.05471180050979335,0.06542741940842964,0.048295106525875806,0.0750519150225771,0.06271567732938925,0.05100520901228806,0.18532017735895337
2015-09-30,0.30641204591958615,0.05128164098165846,0.060374600218328,0.047951133790470994,0.05390967854536832,0.06474302226885785,0.049462516471464914,0.07461538470710444,0.06441461800714507,0.05215335056357678,0.17468200852643906
2015-10-31,0.31348661283874313,0.050547299811881954,0.05926697132850629,0.04870745402419977,0.0545096739551929,0.06477951599232455,0.05067559321642143,0.0705145036804998,0.06592863455204569,0.05237657128174898,0.16920716931843546
2015-11-30,0.3148112307623302,0.05077110406487321,0.05976030766255306,0.04802433502726302,0.054517713954301376,0.06515883831149567,0.04993200755450345,0.07089276465703574,0.06626154752200757,0.05264064708769044,0.1672295033959463
2015-12-31,0.31721441841593406,0.05263503880098719,0.06041734990687854,0.04817337535700727,0.05327840917161818,0.06334500184669778,0.04993783391203457,0.07028183124148382,0.06711480837294759,0.05304645280974885,0.1645554801646622
2016-01-31,0.3245407046384275,0.052195419802887194,0.05926292657923164,0.04772723269161192,0.05093966862178622,0.06329359784406963,0.05132667308327591,0.06828844995486319,0.06731474440641595,0.05297956208874486,0.16213102028868606
2016-02-29,0.3242485055366655,0.05266424886694825,0.05905131897192728,0.04474166452898592,0.051266004452647194,0.06371607403140948,0.05186589092495992,0.06865762321228856,0.06728832191321422,0.0532909284066298,0.1632094191543239
2016-03-31,0.33136801156539253,0.04791410728252815,0.05861364652753618,0.04609222135303916,0.051401039185663605,0.06272567718546913,0.05148526241560689,0.0685579473780959,0.06924333777098747,0.05140424584736925,0.16119450348831163
2016-04-30,0.3359876918542496,0.04792327806276284,0.05958483713479287,0.04658231742965021,0.05136320537373838,0.06266851713995758,0.047968628935135475,0.06855771816314876,0.07063335828984009,0.05231015965222263,0.15642028796450158
2016-05-31,0.358293102738166,0.045907544063417,0.05728363115908532,0.044387873257793094,0.049373420163831616,0.05985643697853711,0.04609877978995551,0.06562076302174957,0.07215151321540773,0.05136798746157992,0.14965894815047714
2016-06-30,0.36766877974931855,0.04477511264223618,0.05539832415808444,0.044327507824869994,0.04793419242872644,0.05855891471833189,0.04533563985660447,0.0639102559711989,0.06838138163359221,0.04911652642183767,0.15459336459519918
2016-07-31,0.3653264865159723,0.04394717955947542,0.055917341262063984,0.04567354704017408,0.04843261925740814,0.059874781898693934,0.04522227315782448,0.06464427675112394,0.06926756684090332,0.04870188196698844,0.15299204574937192
2016-08-31,0.3720787199984008,0.043270868021146956,0.05508606514317168,0.045481823739976376,0.04794911469392451,0.060183064405098595,0.04470699918958261,0.06464214597618498,0.06819175987366566,0.0494142520478422,0.14899518691100552
2016-09-30,0.36991964047010817,0.0441343166431162,0.05786341627585513,0.04601504704072293,0.04877309340607337,0.060911977121401166,0.043786517353806134,0.06446555267220351,0.06710930367297241,0.048855666011784454,0.14816546933195654
2016-10-31,0.36271766075169887,0.04502207483206222,0.058777168353773813,0.04618977950254782,0.04842042126360391,0.06133602154712542,0.04417107128295463,0.06581020326584362,0.06525376343486756,0.048106471704912765,0.15419536406060927
2016-11-30,0.3312929405184796,0.04787543898071508,0.06298375190756209,0.04859975159529116,0.047950882571206735,0.06136434188996349,0.047196192181805284,0.06978642802609918,0.06504622880710104,0.05302455974003103,0.16487948378174536
2016-12-31,0.33267372827947783,0.04782816715530411,0.06287842081784299,0.04879888171032239,0.047848181472400414,0.06168443149803739,0.04692658721140384,0.07004529420994782,0.06524172534349805,0.052414056932147984,0.16366052536961717
2017-01-31,0.33811168442308775,0.04804939980401793,0.06307868220675061,0.04727497244647749,0.04734265952384317,0.06117331426877045,0.046009342107280984,0.07072965593990463,0.06635495597416009,0.05167463793832206,0.1602006953673848
2017-02-28,0.33379571427180743,0.04791423800817858,0.06537591891307017,0.04783598036163477,0.04743739322816441,0.06158690648307668,0.047463430273355846,0.07061624770134035,0.06572514445948976,0.05168176267559608,0.16056726362428586
2017-03-31,0.3339916924093921,0.04811394385506844,0.0646528597999704,0.04819335461917029,0.047563730880374695,0.0616124624750796,0.047555666228116085,0.0707122489367866,0.06575277629925184,0.051341108778457815,0.16051015571833208
2017-04-30,0.33280299484092274,0.04808013145358141,0.06445660919987796,0.048136929639495,0.048297016745892096,0.06206878250419422,0.04811634396622979,0.07075966506875024,0.06588062986493452,0.05155831911159905,0.15984257760452286
2017-05-31,0.3374166136159873,0.04777879292774251,0.06329868576560228,0.04816168777086321,0.04773015983584618,0.06158628906157653,0.04781241209000774,0.0704765666254738,0.06577296194011702,0.05123378582683246,0.15873204453995085
2017-06-30,0.3367182103788799,0.04773632275110336,0.06309683318949037,0.04924567581226098,0.047981533274577395,0.06213974304260283,0.048027163792317494,0.07037555279613934,0.06555493133373164,0.05093469889157157,0.1581893347373251
2017-07-31,0.33533912285970235,0.04657354537219897,0.06286187450812576,0.04919426236211598,0.04922760710149185,0.0636289563592555,0.0480318864164205,0.07026058678925796,0.06499917317701225,0.05062994706288996,0.15925303799152885
2017-08-31,0.33690984620150444,0.04625301428322857,0.062318203319448824,0.04821209975635287,0.049218280065573404,0.06405836082361674,0.04754519269267848,0.07061255034815775,0.06526192524518949,0.05035525926127171,0.15925526800297776
2017-09-30,0.3330987876572118,0.04758573717184048,0.06222276460321121,0.04843367104608944,0.04887705076680587,0.06432375904757444,0.048192996129156604,0.0697426652535586,0.06419675840903243,0.05137039255329121,0.16195541736222802
2017-10-31,0.3328670826336517,0.04684390174693608,0.06157897989727837,0.048431897466057916,0.04947265667815528,0.06395754799078718,0.047291443956138636,0.0689202817294036,0.0639197488015036,0.05454277389792413,0.16217368520216333
2017-11-30,0.3338883187197877,0.046876537982352064,0.06143437859176571,0.04833694830144966,0.049169591687854015,0.06305086630219035,0.04717585744646293,0.06842885017069816,0.06427437627354433,0.05419508782681165,0.16316918669708344
2017-12-31,0.33011614533883094,0.046812097789772564,0.06237639098215283,0.04789908527086471,0.048942056803679704,0.0625520918963641,0.05260914947621304,0.0679759211978485,0.06448511296271894,0.053914456208511326,0.16231749207304344
2018-01-31,0.3375525521890813,0.04393277875298274,0.0592739892538382,0.04871748376063509,0.04857637780445846,0.06127397256938593,0.05134766788327889,0.06598574035999884,0.07090789902748322,0.053651741727847306,0.15877979667101014
2018-02-28,0.3298780079849564,0.043258939511192925,0.06013949607291782,0.05005851174526262,0.04910565590906795,0.06101047644076174,0.05202625078953813,0.06665927976014849,0.07433388828703015,0.05140530836788916,0.16212418513123464
2018-03-31,0.32880986906659865,0.04346817605424987,0.0603646068541184,0.05043347401449445,0.049158883730336576,0.06105895212613286,0.05394265376395187,0.0659382235264447,0.07353379761726335,0.05094250505197578,0.16234885819443362
2018-04-30,0.3238600559385035,0.04414546867978894,0.060779871648813925,0.05022963969154208,0.049458943181384656,0.06120405979556316,0.05550153702930691,0.06571175101033487,0.0745560344519557,0.05252756351988061,0.1620250750529256
2018-05-31,0.32704650188953377,0.04443656652447181,0.06023333712685177,0.0500771474565002,0.0485275566841076,0.060555275159682766,0.055917370069821476,0.06557884384083988,0.07517739866300721,0.052111382514269985,0.16033862007091357
2018-06-30,0.3355507946757954,0.04290488913847516,0.059345440253233406,0.04831568765386346,0.047332074649974507,0.0593855846806948,0.0542275535918844,0.06478385291426055,0.07614224306642013,0.051519102379684045,0.16049277699571415
2018-07-31,0.33467339327980655,0.04337932133043911,0.05797172289357397,0.04935817621760288,0.04666020951123764,0.058334978014485214,0.06098786229460596,0.06298183514525833,0.07727727581190705,0.05190595883491599,0.15646926666616728
2018-08-31,0.32852323722395893,0.04460450971880274,0.06083531069779528,0.0485056090630814,0.04748356465610228,0.060269388588026704,0.059592537994162496,0.06655546515073743,0.07556392213493399,0.053216480553927095,0.15484997421847155
2018-09-30,0.318854416937064,0.04429099188277329,0.062343236542924514,0.04769165803753721,0.04789477201772243,0.06065016076224931,0.05987482087139747,0.0672922759782687,0.07293957610311604,0.05169986162496487,0.16646822924198226
2018-10-31,0.3186515187806657,0.043369650075644806,0.06035334541131141,0.04900649693989379,0.044028514348814315,0.05489290620025052,0.0602825684478893,0.0678086273678144,0.07333752901781944,0.05407890545990149,0.17418993794999477
2018-11-30,0.31613964663594823,0.042961332967245955,0.06013421712085908,0.05102986697154565,0.0440754925609919,0.054439042097045975,0.06433969088526605,0.06748013293338706,0.07277456112594216,0.05296328430245363,0.17366273239931435
2018-12-31,0.32450946191367347,0.045657542959551406,0.06109529943317648,0.053792562632460086,0.04230467365528989,0.05019851118188798,0.06429947721503926,0.06132500569631795,0.07412129355672328,0.05201693063892778,0.17067924111695246
2019-01-31,0.3312251396257061,0.045664641203906634,0.06355944966420148,0.05594384581725884,0.04353605071682316,0.050118241555769334,0.06292696296990535,0.06281510952140772,0.07944318212259885,0.04885259111717516,0.1559147856852473
2019-02-28,0.3315826278583902,0.04499648268649629,0.06392097969474776,0.06286891744429617,0.04263860927081389,0.049047675738255865,0.06253490722890741,0.06179501580773252,0.07955217216345993,0.04827786784471894,0.15278474426218097
2019-03-31,0.3148075850228799,0.04968858861657731,0.06657372547146068,0.062102293651789126,0.0430974475254442,0.0507387768483261,0.0647052786472474,0.06387428689350272,0.07547888839657296,0.05159899423085339,0.1573341346953461
2019-04-30,0.30910204057758095,0.048987124048890884,0.065525394518378,0.06353076976717911,0.04243377734888094,0.04972809801796827,0.0721926606965232,0.06238708399166245,0.07389952605624894,0.051291259934542394,0.16092226504214485
2019-05-31,0.31183535593245304,0.04839260799405997,0.06417037582995991,0.06966035569333781,0.04169400037669944,0.047905335920113444,0.07204582439706818,0.05948215100571591,0.0721958909970801,0.05336032939602767,0.15925777245748443
2019-06-30,0.31828619131308616,0.047374661013737746,0.06269244402290587,0.07022277646029929,0.040633420439042056,0.04599639539250971,0.07298869224993794,0.05705224931185604,0.07650118726681782,0.05458442531238575,0.1536675572174217
2019-07-31,0.3167489969392343,0.047170992089637646,0.06234744877171914,0.06971874168151138,0.04064881948793729,0.04576603054154073,0.07500985618606283,0.056697164558757784,0.07614304525373529,0.054619450095963404,0.1551294543939001
2019-08-31,0.30209022102953365,0.04852903436349551,0.06451119229893604,0.0690671096249442,0.04167992136096354,0.046929094387958954,0.07699856447471053,0.05869860582806514,0.06763256194936305,0.05780424681164638,0.166059447870383
2019-09-30,0.30110212270710635,0.04866507035484464,0.06394346650822363,0.06800519975385352,0.04169911283981283,0.04685313459987179,0.07912599228539274,0.058802737208248204,0.06742678454286916,0.058127923311726885,0.16624845588805023
2019-10-31,0.3035846544002411,0.047763362063835586,0.06326112273039246,0.06782186170703604,0.04181085683931278,0.04669683648342258,0.077549825804119,0.05856213242991716,0.06847572590825377,0.06000662792937413,0.1644669937040952
2019-11-30,0.33200101389331416,0.04516891380978832,0.05922444807203082,0.06898531677495998,0.041551978279440224,0.04530595537285075,0.07202578841296525,0.05481621266466035,0.07109109355240607,0.055918875574961585,0.1539104035926225
2019-12-31,0.33296361378938205,0.04407907724226596,0.05967025793127458,0.06933875683197235,0.041934484711607344,0.045640594216957424,0.06810904974673196,0.05517185370478768,0.06996978007054938,0.057521914165904325,0.15560061758856691
2020-01-31,0.3251269913287341,0.044808275172840625,0.060794717762411236,0.07287303628999228,0.04275588978691539,0.046582360293292074,0.06395331882932387,0.056737139135060365,0.06728052138901908,0.05938700385647226,0.15970074615593866
2020-02-29,0.33536063138205097,0.045422191944926894,0.05702505260648062,0.07537176997997477,0.04151463620343384,0.044511098807927946,0.06305323149560178,0.05362677436160276,0.06701766950111128,0.05705093171125049,0.1600460120056386
2020-03-31,0.3680766638316697,0.04722075294221911,0.05728148300490929,0.09080558860041633,0.04031678108639942,0.04304762009105328,0.056217531739273054,0.05564399445783506,0.07901977266045179,0.05066310512118468,0.11170670646458825
2020-04-30,0.3690887146073445,0.04784275729692301,0.05830351249473734,0.08803562087887534,0.03928166646365142,0.041515302881046656,0.05820395436308672,0.052869282687135304,0.08198707609583476,0.05044176760805804,0.11243034462330706
2020-05-31,0.37291554875470667,0.04818070741459331,0.05810383556746407,0.08835111835062487,0.03912967918097639,0.04112898585307978,0.056747591937666785,0.05281182440556592,0.08171255871890241,0.05075794996979187,0.11016019984662799
2020-06-30,0.37275855878982284,0.047392608883794825,0.057778873192718454,0.08916350292662062,0.03924044890102649,0.04125035958173481,0.05625169796257916,0.05292130438687663,0.08189142790207103,0.050887616750053453,0.11046360072270188
2020-07-31,0.37494024236547646,0.04800313782903466,0.0595114835130022,0.08062855740736634,0.04026837575499905,0.04215605509434249,0.05628883143363347,0.053722498097353195,0.08328971824797755,0.052043635471864136,0.10914746478495037
2020-08-31,0.37016870866334706,0.04884941507114505,0.059804813218746374,0.08285622008037864,0.04075491515840724,0.0428816082754856,0.05506250959154324,0.05375573195932259,0.08163671071000833,0.05302911479150676,0.11120025248010919
2020-09-30,0.37173612977578785,0.04877661513157389,0.059841532497930824,0.08180208384346044,0.0410384896016577,0.042856834277737905,0.05468948332932254,0.053129414760569635,0.0823825054433523,0.05276110786463055,0.11098580347397631
2020-10-31,0.36970041802758624,0.04927081221335667,0.05992811514631598,0.08237580978746814,0.041243877894885136,0.043127284989036174,0.05525061887800628,0.05325182759068964,0.08131568499194412,0.05287884518015809,0.11165670530055355
2020-11-30,0.37442975511368526,0.049264658611657026,0.055152181402396964,0.08120190685708388,0.0390819272889644,0.04208944532708208,0.05630279833610108,0.05256328425101371,0.08389184450164841,0.052505854880488693,0.11351634342987847
2020-12-31,0.3774705242662066,0.04891999538428075,0.05490989612961441,0.07863742656880289,0.03873038830554321,0.04193349023378398,0.055748993913660984,0.05272334053949902,0.08418806892523123,0.05270111893039358,0.11403675680298335
2021-01-31,0.3760155859477195,0.050185453513561025,0.05566579765159345,0.07802918759626733,0.03861386640687958,0.04199802934299264,0.05552663637274298,0.05328169013219242,0.08353575202875464,0.053113026767660075,0.11403497423963646
2021-02-28,0.3725917980271872,0.051490247070808744,0.05677008849669693,0.07604319099314702,0.038938319667881346,0.04225243522778947,0.05484552825926511,0.054203549759902304,0.08213190389635057,0.05513853852904265,0.1155944000719287
2021-03-31,0.3642386395824656,0.05238583732018262,0.05771704001050171,0.07719469182768061,0.03963978523130051,0.04283423622877122,0.0557442323162448,0.05532538921592272,0.08114022824875324,0.05583966331309597,0.11794025670508093
2021-04-30,0.36804696751309046,0.05258897454283154,0.05762106570900096,0.07674578631939895,0.039649420361886574,0.04274760449221631,0.05390679065615875,0.05495136582365389,0.08122571867281,0.05462376400234789,0.1178925419066045
2021-05-31,0.36879135585483963,0.052951316603331834,0.05770143710857552,0.07412820902198441,0.03993150019238192,0.042903686002113604,0.053778958025598504,0.05505582502893771,0.08148855274201978,0.05487342357223102,0.11839573584798611
2021-06-30,0.3653919342369553,0.05415411935152702,0.058385636553443684,0.07256095716250387,0.040325195208657745,0.04329167886495992,0.05462611030779525,0.05558693684333469,0.08075597172601895,0.055587264615564874,0.11933419512923886
2021-07-31,0.36300262694558627,0.053434484154619905,0.05887815958181706,0.07333586936498047,0.04032021296961512,0.043524011722297334,0.05496417636365777,0.05602345555021622,0.08073167665312422,0.05558339145677473,0.12020193523731094
2021-08-31,0.36156038657267703,0.05391213617037974,0.05914907886400182,0.07397238550938312,0.040382654963221194,0.04353917522156502,0.05509829587525955,0.055993415940797736,0.08064381475153089,0.05556979374938176,0.12017886238180212
2021-09-30,0.36068068600082237,0.053906597277952314,0.059192663412034746,0.0736842257108915,0.04064938095910651,0.04362766928140038,0.05515460574434874,0.05556902848447374,0.08121810776914992,0.05522528806935074,0.12109174729046912
2021-10-31,0.3614160364541512,0.055272601736034134,0.060543224310758766,0.07254207974600572,0.04141933410986693,0.04407712289551507,0.054592380827050875,0.055549773865228275,0.0806475811040346,0.05372382007134322,0.12021604488001118
2021-11-30,0.3627329474965028,0.05522644404814444,0.05980690628882527,0.07267697308112106,0.04121509579659021,0.04401435155482172,0.05345305473322999,0.05558484949831303,0.08061566465033508,0.0539008838415075,0.12077282901060898
2021-12-31,0.36020226930402477,0.05472027185144966,0.05976629579684184,0.07137212218348489,0.042661204571473585,0.0454446720649223,0.05375430077808426,0.05780301295315308,0.07994845670788281,0.053413937666831335,0.12091345612185142
2022-01-31,0.34954147539484237,0.05764956276142401,0.06078089375549244,0.07193289703104916,0.04290180047951114,0.04596358423852198,0.053595666517098774,0.05815639294377057,0.07946682282212596,0.054505571103643645,0.12550533295251987
2022-02-28,0.3464580322860374,0.057742199006125164,0.06101045623142417,0.0710615027315321,0.04356732944019867,0.046595165711105835,0.05332705449564082,0.05831811622237516,0.08027860994352336,0.05463029283539437,0.1270112410966429
2022-03-31,0.3459173362242433,0.05785671266953404,0.06122673922022481,0.07186771630659487,0.043923762779180024,0.0468634362958613,0.05210672937133948,0.05814233870929695,0.08071911431579469,0.05387793368048743,0.1274981804274431
2022-04-30,0.31848269628703363,0.060761828295710696,0.0638766660350877,0.07642258929554252,0.045526027731960676,0.04915560092719594,0.055325640600187846,0.05950419413953474,0.08035737518549861,0.05697101163009923,0.13361636987214853
2022-05-31,0.31839705512788197,0.06206279518093756,0.0643103411666403,0.0738272032797786,0.04597929389547273,0.05001912019615319,0.05546461948410974,0.06061625942009513,0.0810885318850211,0.055227374291438563,0.13300740607247102
2022-06-30,0.3228727683074262,0.06337943636667849,0.0637011385102566,0.0775741745078821,0.04624108585811203,0.04987975800271676,0.05237561863475015,0.060186374599543235,0.08248903854285115,0.05489548750581006,0.12640511916397326
2022-07-31,0.316348161640633,0.06563253163046395,0.06526862238188413,0.07914106402613526,0.04658961390618715,0.050005616671643806,0.053822571780512425,0.06047404486029392,0.08485004333961556,0.055478465892183595,0.12238926387044721
2022-08-31,0.3142850714383366,0.06561031549237804,0.06376953645583315,0.0804330832296157,0.0465048218399172,0.049766844176201114,0.05355544995040422,0.05958646871699348,0.09253552377399739,0.05420320162602794,0.11974968330029516
2022-09-30,0.30469619984059604,0.06482424724101823,0.06466011687681389,0.08445432835201781,0.04740391595966877,0.05073913917687088,0.05296418628069442,0.060014276270134045,0.09290974058522816,0.05378839672009681,0.12354545269686094
2022-10-31,0.3057623403176426,0.06602154924808755,0.06453741989642678,0.08540003107718189,0.0466004404752375,0.04986827768217804,0.053481766388880525,0.05935400088981682,0.09161602833295991,0.054176485246616404,0.123181660444972
2022-11-30,0.2896963547536473,0.0627129314586028,0.06345611751773553,0.08689386028816885,0.04911171025849239,0.05220689511054749,0.056497153906721914,0.06220562274176657,0.09190141265937751,0.05649453582709978,0.12882340547783985
2022-12-31,0.2890446217152733,0.06415839911359493,0.06360759871685785,0.08723636901777988,0.04860360264965358,0.05171439179837905,0.056726360785647335,0.06127904812742295,0.09235275697659871,0.05605950901934957,0.12921734207944294
2023-01-31,0.28351683181461274,0.06452129877185815,0.06331291033287315,0.0879232720565392,0.048696755113040155,0.051896455722608544,0.059220012795567926,0.061678848920820546,0.09410077258453169,0.05531429171840782,0.1298185501691401
2023-02-28,0.2785224867189808,0.06344274022083701,0.06501054508655688,0.08594273421636267,0.04968565064316349,0.053440977312255764,0.05936058250193817,0.06352522561011474,0.09598908331419483,0.055633373533541954,0.12944660084205384
2023-03-31,0.2519714764179638,0.06600993895114465,0.06670262020083073,0.07578044447495176,0.05207012967140515,0.05701822774873115,0.06296580304183472,0.06345315081744347,0.0883425927005819,0.05889891178931763,0.15678670418579496
2023-04-30,0.25008389908442014,0.0657303767197071,0.06562019792531654,0.07609527964000555,0.053325055865886005,0.059072652641603905,0.061071493898920436,0.06603908162606496,0.0862969078239137,0.05898341934391445,0.15768163543024724
2023-05-31,0.24921820902103603,0.06541468461215873,0.06517680111616223,0.07583875062436479,0.05362090196658082,0.05923491544628916,0.059115688342246835,0.0661566216991921,0.0858213904966742,0.0582653170371896,0.16213671963810558
2023-06-30,0.25139213336021643,0.06640957186531134,0.06513414941027454,0.07635137196819747,0.052839118843223364,0.05762864410816348,0.05942288732015449,0.06523791799110448,0.08616903332438051,0.057848523525939693,0.16156664828303421
2023-07-31,0.24919881125323465,0.0660014189209014,0.06348375321958874,0.0814439246566053,0.05118270348815625,0.05631189824664363,0.05802529272533746,0.06424132553108107,0.08616649051977857,0.05659004237206812,0.16735433906660485
2023-08-31,0.24959688903139893,0.06430725513928326,0.0630795193641372,0.08133707458724292,0.05077168507976534,0.055926743279858616,0.05891644843766389,0.06513663829007181,0.08733084498632115,0.05617233426723688,0.16742456753701998
2023-09-30,0.24543232917675786,0.06489029737703392,0.06361294201612082,0.08231843466730422,0.051006175685752476,0.05624915951374714,0.06033084695848573,0.06576595303469392,0.08515721347506158,0.055808740359402774,0.16942790773563976
2023-10-31,0.24438592072596513,0.06531295290562071,0.0644961907041084,0.07976604343150127,0.050548315445950405,0.05590792078426846,0.060943189776994526,0.06657864310851883,0.08494755134792063,0.056317892316974864,0.1707953794521767
2023-11-30,0.22674240608816157,0.06725746246762544,0.07093009238512463,0.08287668332638434,0.05612676619083408,0.059918926010279275,0.0611269277436929,0.06910278542638157,0.07892908929541076,0.056164103956948146,0.17082475710915712
2023-12-31,0.21988657592568717,0.07007555276110668,0.07212824596914987,0.08727213036276185,0.05584670291763404,0.06032494848891983,0.06188955868333808,0.07000669905999209,0.07561274119045637,0.055627100322115534,0.17132974431883835
2024-01-31,0.22021784555688,0.06977276580143103,0.07213483936971117,0.08801512399110341,0.05585037541999202,0.06010568885101208,0.062027876020441866,0.07019946935669429,0.0758849024693666,0.054850608271791196,0.1709405048915764
2024-02-29,0.2200072408852227,0.06834965168073773,0.07152010570928999,0.09147698984439548,0.05564692394100483,0.05999950064957187,0.06260422220849916,0.0690405646904261,0.0767108766815915,0.054706943903641836,0.1699369798056188
2024-03-31,0.22150361069804672,0.06821561795565802,0.07158454193874178,0.08673314404946854,0.055622616363061074,0.06005038187257649,0.06285451480928843,0.06956922628477959,0.0781266371974867,0.05528585997244408,0.17045384885844864
2024-04-30,0.21877772335070744,0.0685861743303124,0.07166294602472448,0.08707740283883345,0.05501087157571982,0.059617114252854146,0.06528987862432416,0.06976645001055407,0.07739081665474817,0.055506846553201115,0.17131377578402074
2024-05-31,0.2172329525454409,0.06857545358064711,0.07131431670328386,0.09124346327080743,0.054587477947956875,0.05929694164644439,0.06539860808716932,0.06921855374303869,0.07685245081043435,0.055158002326470085,0.171121779338307
2024-06-30,0.21729031807226332,0.06779105465244394,0.07032582696183239,0.09625231807180154,0.05409855247310484,0.05858643786873313,0.06436911950312048,0.06849726062595848,0.07774060278585626,0.05478283166398959,0.17026567732089595
2024-07-31,0.21728749768388095,0.06962049046511531,0.07043662755737207,0.09551853957156498,0.05292529481354449,0.05830945608721899,0.06372919379490115,0.06868108820874716,0.07851557323537633,0.054347430703181154,0.1706288078790975
2024-08-31,0.21687202550069817,0.06982820111451878,0.07039407083862582,0.09571409909557685,0.05288083792999805,0.05833951905038931,0.06374947876072043,0.06892941737188886,0.07834872270836053,0.05412755537235694,0.17081607225686615
2024-09-30,0.21604090872251439,0.0690649865786074,0.07074339229248286,0.09608819085521511,0.05288004777617926,0.05867368282314828,0.06361340595842602,0.06999210279579923,0.07808137137520624,0.054550458217291375,0.17027145260512985
2024-10-31,0.2137124863212762,0.06900212639347571,0.0701735016513589,0.09436308177329344,0.053287411854518976,0.05957782521138583,0.06376688174657154,0.07199119298161623,0.07812942441427416,0.05560118088461278,0.17039488676761633
2024-11-30,0.2132725530063203,0.06949563201576427,0.07141469440697067,0.09266147196235716,0.05177066162647017,0.058408747987000804,0.06607792207854261,0.07120840497538418,0.07877001727398082,0.0555278208854063,0.1713920737818027
2024-12-31,0.21113250742247683,0.06977071518086089,0.07204267527233961,0.09297335947530486,0.05065472039722033,0.05759140652977517,0.0669668084787338,0.07168919388700047,0.07729050761937716,0.05637867865991663,0.17350942707699415
2025-01-31,0.21047871509080945,0.06902105668277538,0.07109032118959013,0.0897769240199777,0.0516393546780739,0.058201436137454904,0.06840705072620067,0.07238192682724845,0.07677637217591957,0.05719188001350968,0.17503496245844016
2025-02-28,0.2081928832031924,0.06964469759709209,0.0715311590600476,0.09245954213212233,0.050811193137833256,0.05728230480434918,0.07040824147723176,0.07247229973514265,0.07479188474381607,0.05721049828253571,0.17519529582663704
2025-03-31,0.2100977795158387,0.06992100218742729,0.07175934529075477,0.08694202520788044,0.05005207105195879,0.05652886433545542,0.0743590303971442,0.07129797713865592,0.07543637324150218,0.058662796949377136,0.1749427346840051
2025-04-30,0.215407097809898,0.06927316695271978,0.07161180124071938,0.08411525251116427,0.04989658881119667,0.0556742558018742,0.07184374732549745,0.07283775687343681,0.07691566239413282,0.0570013890095355,0.1754232812698251
2025-05-31,0.2159343063174637,0.06871889635870955,0.07089914677038887,0.08670504618673971,0.049583639468218,0.05520600289265713,0.07213858500045033,0.07147148206521271,0.07711724670643905,0.05784260387260397,0.17438304436111704
2025-06-30,0.20430554492431532,0.06456997144609306,0.07129825043680993,0.08227741617145183,0.0477419820914459,0.054354398410965045,0.07625409963285626,0.07106240586933257,0.07254099910286822,0.05599324681055136,0.19960168510331042
2025-07-31,0.1965467529477787,0.06061208164712535,0.06701138758285881,0.07861758438987153,0.046177772689419014,0.05320371702799911,0.0736094143337017,0.06955449755160817,0.06830799721573247,0.05416545727989882,0.23219333733400632
2025-08-31,0.19702723381110082,0.059317392638658546,0.06720194785055893,0.07748374855126366,0.044703969776100284,0.05220129118875665,0.07156623585272158,0.069133824729125,0.06730086842922113,0.05354862567852277,0.24051486149397047
2025-09-30,0.1955789866562057,0.05946971577141423,0.06825727325125334,0.0674008471643455,0.043488123244873673,0.051221537619954426,0.07633926249293053,0.0705769772952388,0.06498377783818732,0.0547235208872217,0.24795997777837453
2025-10-31,0.1908819175739473,0.0576178426450235,0.06735242355886699,0.06585995502328042,0.04390404427281588,0.05218633546440557,0.0742512963598482,0.07162042695463022,0.06440873662461126,0.05283654512480186,0.2590804763977689
2025-11-30,0.19625197367716132,0.06390172180453192,0.0743831334332011,0.06412583414377361,0.04176049072745488,0.05026176542014194,0.07059281070616888,0.06883603723638711,0.06389069716174904,0.05100020173759876,0.2549953339518315
2025-12-31,0.19469247940265758,0.06381611038286378,0.07398604994866909,0.06336162624770665,0.04215355240630107,0.05081897463349864,0.07038549913130965,0.07214880776066944,0.06299914137028004,0.05103082311898908,0.2546069355970549
2026-01-31,0.19891220937177304,0.06199226343881644,0.0753517506883784,0.056286303452353685,0.04159287979424648,0.05074670464390178,0.0632231894921084,0.07121291291135073,0.06421229978413151,0.05217180007482379,0.26429768634811573
2026-02-28,0.20047882759545177,0.06419077823277568,0.07480174255102456,0.056520135890965,0.04127408961924163,0.05016362090150035,0.06420448695451995,0.07043716196926099,0.06316407908286248,0.051930926407919485,0.2628341507944781
2026-03-31,0.2047652761284632,0.0597831184337281,0.06994594562183794,0.051602740123307,0.04290543467022674,0.05155718189391728,0.06531701194373146,0.06950836556305502,0.06496277054709974,0.05256362150699283,0.26708853356764073
2026-04-30,0.20990781124195007,0.05519620727803613,0.07029464459909457,0.052361121922372265,0.041803999543253624,0.0513498008042174,0.06556007176317255,0.06478196934762939,0.06650923402492645,0.0515032746946238,0.2707318647807239
2026-05-31,0.20846208404517996,0.05422637471629812,0.07142047498278882,0.05217774476422725,0.0414260585197145,0.051311448157784614,0.06892682037032949,0.06406372315090852,0.06603980657257935,0.05157031868484664,0.2703751460353427
